link,error_code
https://www.nhatot.com//mua-ban-nha-dat-quan-binh-thanh-tp-ho-chi-minh/115504481.htm#px=SR-stickyad-[PO-3][PL-top],Failed to make a request
https://www.nhatot.com//mua-ban-nha-dat-quan-go-vap-tp-ho-chi-minh/115448203.htm,404
https://www.nhatot.com//mua-ban-nha-dat-quan-4-tp-ho-chi-minh/115192267.htm,404
https://www.nhatot.com//mua-ban-dat-huyen-trang-bom-dong-nai/115506164.htm,404
https://www.nhatot.com//mua-ban-dat-quan-binh-thuy-can-tho/115506161.htm#px=SR-special_display_ad-[PO-9][PL-default],404
https://www.nhatot.com//mua-ban-nha-dat-quan-hai-chau-da-nang/115506156.htm,Failed to make a request
https://www.nhatot.com//mua-ban-nha-dat-thanh-pho-thuan-an-binh-duong/115133054.htm,404
https://www.nhatot.com//mua-ban-nha-dat-quan-long-bien-ha-noi/115506151.htm,404
https://www.nhatot.com//mua-ban-can-ho-chung-cu-thanh-pho-thuan-an-binh-duong/115506148.htm,Failed to make a request
https://www.nhatot.com//mua-ban-nha-dat-quan-12-tp-ho-chi-minh/111903585.htm#px=SR-special_display_ad-[PO-14][PL-default],404
https://www.nhatot.com//mua-ban-dat-huyen-thuong-tin-ha-noi/115506144.htm,404
https://www.nhatot.com//mua-ban-nha-dat-quan-tan-binh-tp-ho-chi-minh/115482690.htm,404
https://www.nhatot.com//mua-ban-nha-dat-quan-dong-da-ha-noi/115506145.htm,404
https://www.nhatot.com//mua-ban-dat-huyen-duc-hoa-long-an/115356716.htm,Failed to make a request
https://www.nhatot.com//mua-ban-dat-quan-lien-chieu-da-nang/115506124.htm,404
https://www.nhatot.com//mua-ban-nha-dat-quan-go-vap-tp-ho-chi-minh/115506129.htm,404
https://www.nhatot.com//mua-ban-dat-thanh-pho-tan-an-long-an/114096336.htm,404
https://www.nhatot.com//mua-ban-dat-huyen-tan-tru-long-an/115506114.htm,Failed to make a request
https://www.nhatot.com//mua-ban-nha-dat-quan-binh-thanh-tp-ho-chi-minh/115506112.htm,404
https://www.nhatot.com//mua-ban-dat-thi-xa-binh-long-binh-phuoc/115506109.htm,404
https://www.nhatot.com//mua-ban-dat-huyen-nhon-trach-dong-nai/115506110.htm,404
https://www.nhatot.com//mua-ban-nha-dat-huyen-binh-chanh-tp-ho-chi-minh/115411146.htm,Failed to make a request
https://www.nhatot.com//mua-ban-can-ho-chung-cu-quan-tan-phu-tp-ho-chi-minh/114254973.htm,Failed to make a request
https://www.nhatot.com//mua-ban-nha-dat-quan-hai-chau-da-nang/114680383.htm#px=SR-special_display_ad-[PO-23][PL-default],Failed to make a request
https://www.nhatot.com//mua-ban-can-ho-chung-cu-thanh-pho-di-an-binh-duong/115506099.htm,404
https://www.nhatot.com//mua-ban-dat-huyen-nhon-trach-dong-nai/106926538.htm,404
https://www.nhatot.com//mua-ban-dat-thanh-pho-thu-duc-tp-ho-chi-minh/113960331.htm,Failed to make a request
https://www.nhatot.com//mua-ban-nha-dat-quan-hai-chau-da-nang/115506089.htm,Failed to make a request
https://www.nhatot.com//mua-ban-nha-dat-quan-3-tp-ho-chi-minh/115178536.htm,404
https://www.nhatot.com//mua-ban-nha-dat-quan-binh-tan-tp-ho-chi-minh/114872978.htm,404
https://www.nhatot.com//mua-ban-nha-dat-quan-binh-thanh-tp-ho-chi-minh/115506087.htm,404
https://www.nhatot.com//sang-nhuong-van-phong-mat-bang-kinh-doanh-quan-tan-binh-tp-ho-chi-minh/115506060.htm,404
https://www.nhatot.com//mua-ban-can-ho-chung-cu-thanh-pho-thu-dau-mot-binh-duong/115506063.htm,404
https://www.nhatot.com//mua-ban-nha-dat-thanh-pho-nha-trang-khanh-hoa/115506056.htm#px=SR-special_display_ad-[PO-18][PL-default],404
https://www.nhatot.com//mua-ban-nha-dat-huyen-binh-chanh-tp-ho-chi-minh/115445599.htm,404
https://www.nhatot.com//mua-ban-can-ho-chung-cu-quan-binh-tan-tp-ho-chi-minh/115156435.htm,404
https://www.nhatot.com//mua-ban-nha-dat-thanh-pho-ha-tinh-ha-tinh/115387563.htm#px=SR-special_display_ad-[PO-3][PL-default],404
https://www.nhatot.com//mua-ban-nha-dat-thanh-pho-nha-trang-khanh-hoa/115506056.htm#px=SR-special_display_ad-[PO-1][PL-default],404
https://www.nhatot.com//mua-ban-nha-dat-quan-go-vap-tp-ho-chi-minh/115506054.htm,404
https://www.nhatot.com//mua-ban-nha-dat-quan-8-tp-ho-chi-minh/114237902.htm#px=SR-special_display_ad-[PO-4][PL-default],404
https://www.nhatot.com//mua-ban-nha-dat-quan-binh-tan-tp-ho-chi-minh/115473055.htm,404
https://www.nhatot.com//mua-ban-nha-dat-quan-tan-phu-tp-ho-chi-minh/115506034.htm,404
https://www.nhatot.com//mua-ban-dat-huyen-duc-hoa-long-an/115477287.htm#px=SR-special_display_ad-[PO-14][PL-default],404
https://www.nhatot.com//mua-ban-dat-huyen-tan-tru-long-an/115506023.htm,404
https://www.nhatot.com//mua-ban-nha-dat-quan-cau-giay-ha-noi/115417427.htm,404
https://www.nhatot.com//mua-ban-nha-dat-thanh-pho-thu-duc-tp-ho-chi-minh/114944053.htm,404
https://www.nhatot.com//mua-ban-dat-thanh-pho-da-lat-lam-dong/115506016.htm,404
https://www.nhatot.com//mua-ban-nha-dat-thanh-pho-thu-duc-tp-ho-chi-minh/114943986.htm,404
https://www.nhatot.com//mua-ban-nha-dat-quan-cam-le-da-nang/115506006.htm,404
https://www.nhatot.com//mua-ban-nha-dat-quan-tan-phu-tp-ho-chi-minh/115505994.htm,404
https://www.nhatot.com//mua-ban-nha-dat-quan-binh-tan-tp-ho-chi-minh/115505992.htm#px=SR-special_display_ad-[PO-10][PL-default],404
https://www.nhatot.com//mua-ban-can-ho-chung-cu-quan-tan-phu-tp-ho-chi-minh/115405347.htm,404
https://www.nhatot.com//mua-ban-nha-dat-quan-12-tp-ho-chi-minh/115447550.htm,404
https://www.nhatot.com//mua-ban-nha-dat-quan-binh-tan-tp-ho-chi-minh/115352510.htm,404
https://www.nhatot.com//mua-ban-nha-dat-quan-cau-giay-ha-noi/114160873.htm#px=SR-special_display_ad-[PO-18][PL-default],404
https://www.nhatot.com//mua-ban-dat-huyen-ben-luc-long-an/115505985.htm,404
https://www.nhatot.com//mua-ban-dat-huyen-dat-do-ba-ria-vung-tau/114892479.htm,404
https://www.nhatot.com//mua-ban-nha-dat-quan-cau-giay-ha-noi/114160873.htm#px=SR-special_display_ad-[PO-3][PL-default],404
https://www.nhatot.com//mua-ban-nha-dat-quan-dong-da-ha-noi/114050530.htm#px=SR-special_display_ad-[PO-7][PL-default],404
https://www.nhatot.com//mua-ban-nha-dat-quan-binh-thanh-tp-ho-chi-minh/115505968.htm,404
https://www.nhatot.com//mua-ban-nha-dat-huyen-nhon-trach-dong-nai/115477248.htm,404
https://www.nhatot.com//mua-ban-nha-dat-quan-phu-nhuan-tp-ho-chi-minh/114815449.htm,404
https://www.nhatot.com//mua-ban-can-ho-chung-cu-quan-tan-phu-tp-ho-chi-minh/115505960.htm,404
https://www.nhatot.com//mua-ban-dat-quan-thanh-khe-da-nang/115447408.htm#px=SR-special_display_ad-[PO-15][PL-default],404
https://www.nhatot.com//mua-ban-nha-dat-quan-tan-phu-tp-ho-chi-minh/115446902.htm,404
https://www.nhatot.com//mua-ban-dat-huyen-trang-bom-dong-nai/110891799.htm,404
https://www.nhatot.com//mua-ban-nha-dat-quan-dong-da-ha-noi/114225984.htm#px=SR-special_display_ad-[PO-8][PL-default],404
https://www.nhatot.com//mua-ban-nha-dat-quan-thanh-xuan-ha-noi/115214961.htm,404
https://www.nhatot.com//mua-ban-dat-thanh-pho-tan-an-long-an/115386485.htm#px=SR-special_display_ad-[PO-13][PL-default],404
https://www.nhatot.com//mua-ban-nha-dat-quan-go-vap-tp-ho-chi-minh/114270953.htm,404
https://www.nhatot.com//mua-ban-nha-dat-quan-go-vap-tp-ho-chi-minh/114497800.htm,404
https://www.nhatot.com//mua-ban-dat-thi-xa-tan-uyen-binh-duong/115505928.htm,404
https://www.nhatot.com//mua-ban-nha-dat-huyen-hoc-mon-tp-ho-chi-minh/115418371.htm,404
https://www.nhatot.com//sang-nhuong-van-phong-mat-bang-kinh-doanh-quan-binh-thanh-tp-ho-chi-minh/115505921.htm,404
https://www.nhatot.com//mua-ban-nha-dat-thanh-pho-thu-duc-tp-ho-chi-minh/114232631.htm,404
https://www.nhatot.com//mua-ban-dat-huyen-dat-do-ba-ria-vung-tau/111858128.htm,404
https://www.nhatot.com//mua-ban-dat-thanh-pho-buon-ma-thuot-dak-lak/115505914.htm,404
https://www.nhatot.com//mua-ban-dat-huyen-cu-chi-tp-ho-chi-minh/115487702.htm#px=SR-special_display_ad-[PO-11][PL-default],404
https://www.nhatot.com//mua-ban-can-ho-chung-cu-thanh-pho-di-an-binh-duong/115505908.htm,404
https://www.nhatot.com//mua-ban-dat-huyen-cu-chi-tp-ho-chi-minh/115208639.htm,404
https://www.nhatot.com//mua-ban-can-ho-chung-cu-thanh-pho-thu-duc-tp-ho-chi-minh/113490742.htm,404
https://www.nhatot.com//mua-ban-dat-huyen-gia-lam-ha-noi/115505885.htm,404
https://www.nhatot.com//mua-ban-can-ho-chung-cu-quan-tan-phu-tp-ho-chi-minh/115411159.htm,404
https://www.nhatot.com//mua-ban-dat-huyen-dat-do-ba-ria-vung-tau/114518451.htm,404
https://www.nhatot.com//mua-ban-nha-dat-thanh-pho-bao-loc-lam-dong/115505868.htm#px=SR-special_display_ad-[PO-6][PL-default],404
https://www.nhatot.com//mua-ban-nha-dat-quan-7-tp-ho-chi-minh/115394937.htm,Failed to make a request
https://www.nhatot.com//mua-ban-nha-dat-quan-tan-phu-tp-ho-chi-minh/115074826.htm,404
https://www.nhatot.com//mua-ban-can-ho-chung-cu-thanh-pho-thu-duc-tp-ho-chi-minh/114682054.htm,404
https://www.nhatot.com//mua-ban-dat-quan-lien-chieu-da-nang/115474588.htm,404
https://www.nhatot.com//mua-ban-dat-quan-12-tp-ho-chi-minh/107810233.htm#px=SR-special_display_ad-[PO-19][PL-default],404
https://www.nhatot.com//mua-ban-dat-quan-12-tp-ho-chi-minh/107810233.htm#px=SR-special_display_ad-[PO-9][PL-default],404
https://www.nhatot.com//mua-ban-nha-dat-huyen-binh-chanh-tp-ho-chi-minh/115505849.htm,404
https://www.nhatot.com//mua-ban-nha-dat-quan-hoang-mai-ha-noi/114960896.htm,404
https://www.nhatot.com//mua-ban-nha-dat-quan-3-tp-ho-chi-minh/114255637.htm,404
https://www.nhatot.com//mua-ban-nha-dat-quan-thanh-xuan-ha-noi/115505831.htm,404
https://www.nhatot.com//mua-ban-dat-huyen-ninh-son-ninh-thuan/115476928.htm#px=SR-special_display_ad-[PO-17][PL-default],404
https://www.nhatot.com//mua-ban-nha-dat-quan-tan-phu-tp-ho-chi-minh/114190210.htm#px=SR-special_display_ad-[PO-19][PL-default],404
https://www.nhatot.com//mua-ban-nha-dat-quan-tan-phu-tp-ho-chi-minh/114190210.htm#px=SR-special_display_ad-[PO-2][PL-default],404
https://www.nhatot.com//mua-ban-nha-dat-quan-go-vap-tp-ho-chi-minh/114497797.htm,404
https://www.nhatot.com//mua-ban-nha-dat-quan-ha-dong-ha-noi/115505819.htm,404
https://www.nhatot.com//mua-ban-nha-dat-quan-long-bien-ha-noi/112206318.htm,404
https://www.nhatot.com//mua-ban-dat-thanh-pho-thu-dau-mot-binh-duong/115171287.htm,404
https://www.nhatot.com//mua-ban-dat-huyen-lam-ha-lam-dong/115417207.htm,404
https://www.nhatot.com//mua-ban-nha-dat-quan-binh-thanh-tp-ho-chi-minh/115331419.htm,404
https://www.nhatot.com//mua-ban-dat-huyen-dak-song-dak-nong/114036207.htm,404
https://www.nhatot.com//mua-ban-nha-dat-quan-12-tp-ho-chi-minh/115214826.htm,404
https://www.nhatot.com//mua-ban-dat-huyen-bac-tan-uyen-binh-duong/115505802.htm,404
https://www.nhatot.com//mua-ban-can-ho-chung-cu-thanh-pho-thu-duc-tp-ho-chi-minh/115505795.htm,404
https://www.nhatot.com//mua-ban-nha-dat-quan-binh-thanh-tp-ho-chi-minh/115505797.htm#px=SR-special_display_ad-[PO-17][PL-default],404
https://www.nhatot.com//mua-ban-can-ho-chung-cu-quan-7-tp-ho-chi-minh/114316219.htm#px=SR-special_display_ad-[PO-18][PL-default],404
https://www.nhatot.com//mua-ban-nha-dat-quan-tan-binh-tp-ho-chi-minh/115220650.htm,404
https://www.nhatot.com//mua-ban-can-ho-chung-cu-quan-7-tp-ho-chi-minh/114316219.htm#px=SR-special_display_ad-[PO-1][PL-default],404
https://www.nhatot.com//mua-ban-nha-dat-thanh-pho-thu-duc-tp-ho-chi-minh/115505791.htm,404
https://www.nhatot.com//mua-ban-nha-dat-quan-binh-thanh-tp-ho-chi-minh/114720590.htm,404
https://www.nhatot.com//mua-ban-nha-dat-huyen-hoai-duc-ha-noi/114703321.htm,404
https://www.nhatot.com//mua-ban-nha-dat-quan-hai-chau-da-nang/115505770.htm,404
https://www.nhatot.com//mua-ban-nha-dat-huyen-hoai-duc-ha-noi/115118385.htm,404
https://www.nhatot.com//mua-ban-dat-huyen-nha-be-tp-ho-chi-minh/109829592.htm,404
https://www.nhatot.com//mua-ban-nha-dat-quan-12-tp-ho-chi-minh/115505768.htm,404
https://www.nhatot.com//mua-ban-dat-huyen-can-duoc-long-an/115447267.htm,404
https://www.nhatot.com//mua-ban-dat-quan-go-vap-tp-ho-chi-minh/115505755.htm,404
https://www.nhatot.com//mua-ban-nha-dat-quan-6-tp-ho-chi-minh/115505754.htm,404
https://www.nhatot.com//mua-ban-nha-dat-quan-binh-thanh-tp-ho-chi-minh/114641631.htm,404
https://www.nhatot.com//mua-ban-nha-dat-quan-dong-da-ha-noi/115068387.htm,404
https://www.nhatot.com//mua-ban-dat-huyen-trang-bom-dong-nai/115505743.htm,404
https://www.nhatot.com//mua-ban-nha-dat-quan-binh-tan-tp-ho-chi-minh/115316317.htm,404
https://www.nhatot.com//mua-ban-nha-dat-quan-7-tp-ho-chi-minh/114541330.htm#px=SR-special_display_ad-[PO-8][PL-default],404
https://www.nhatot.com//mua-ban-dat-huyen-tan-tru-long-an/115505736.htm,404
https://www.nhatot.com//mua-ban-nha-dat-thanh-pho-thu-duc-tp-ho-chi-minh/115505734.htm,404
https://www.nhatot.com//mua-ban-can-ho-chung-cu-quan-go-vap-tp-ho-chi-minh/115505730.htm,404
https://www.nhatot.com//mua-ban-nha-dat-quan-binh-thanh-tp-ho-chi-minh/115505729.htm,404
https://www.nhatot.com//mua-ban-nha-dat-thanh-pho-thu-dau-mot-binh-duong/114034855.htm,404
https://www.nhatot.com//mua-ban-nha-dat-quan-binh-tan-tp-ho-chi-minh/115505723.htm,404
https://www.nhatot.com//mua-ban-nha-dat-quan-lien-chieu-da-nang/115505721.htm,404
https://www.nhatot.com//mua-ban-can-ho-chung-cu-quan-tan-phu-tp-ho-chi-minh/115477022.htm,404
https://www.nhatot.com//mua-ban-nha-dat-huyen-hoa-vang-da-nang/115069699.htm,404
https://www.nhatot.com//mua-ban-nha-dat-quan-8-tp-ho-chi-minh/114725825.htm#px=SR-special_display_ad-[PO-5][PL-default],404
https://www.nhatot.com//mua-ban-can-ho-chung-cu-thanh-pho-thu-duc-tp-ho-chi-minh/115387167.htm,404
https://www.nhatot.com//mua-ban-dat-huyen-xuyen-moc-ba-ria-vung-tau/115505688.htm,404
https://www.nhatot.com//mua-ban-nha-dat-huyen-nha-be-tp-ho-chi-minh/115011600.htm#px=SR-special_display_ad-[PO-11][PL-default],404
https://www.nhatot.com//mua-ban-nha-dat-quan-binh-thanh-tp-ho-chi-minh/114989542.htm#px=SR-special_display_ad-[PO-13][PL-default],404
https://www.nhatot.com//mua-ban-can-ho-chung-cu-thanh-pho-di-an-binh-duong/112751297.htm,404
https://www.nhatot.com//mua-ban-dat-huyen-lam-ha-lam-dong/113936363.htm,404
https://www.nhatot.com//mua-ban-can-ho-chung-cu-quan-cau-giay-ha-noi/114621426.htm,404
https://www.nhatot.com//mua-ban-nha-dat-quan-binh-tan-tp-ho-chi-minh/115396794.htm,404
https://www.nhatot.com//mua-ban-dat-huyen-can-duoc-long-an/115505652.htm#px=SR-special_display_ad-[PO-9][PL-default],404
https://www.nhatot.com//mua-ban-nha-dat-quan-tan-phu-tp-ho-chi-minh/114109873.htm,404
https://www.nhatot.com//mua-ban-dat-thanh-pho-thu-duc-tp-ho-chi-minh/114566395.htm,404
https://www.nhatot.com//mua-ban-nha-dat-quan-1-tp-ho-chi-minh/108185819.htm,404
https://www.nhatot.com//mua-ban-nha-dat-quan-1-tp-ho-chi-minh/109881854.htm,404
https://www.nhatot.com//mua-ban-nha-dat-quan-10-tp-ho-chi-minh/109931404.htm,404
https://www.nhatot.com//mua-ban-nha-dat-quan-1-tp-ho-chi-minh/110931831.htm,404
https://www.nhatot.com//mua-ban-nha-dat-quan-3-tp-ho-chi-minh/108145154.htm,404
https://www.nhatot.com//mua-ban-nha-dat-quan-3-tp-ho-chi-minh/111903907.htm,404
https://www.nhatot.com//mua-ban-nha-dat-quan-tan-binh-tp-ho-chi-minh/108200288.htm,404
https://www.nhatot.com//mua-ban-nha-dat-quan-phu-nhuan-tp-ho-chi-minh/112431985.htm,404
https://www.nhatot.com//mua-ban-nha-dat-quan-binh-thanh-tp-ho-chi-minh/115505642.htm,404
https://www.nhatot.com//mua-ban-can-ho-chung-cu-quan-tan-phu-tp-ho-chi-minh/114637769.htm,404
https://www.nhatot.com//mua-ban-nha-dat-quan-long-bien-ha-noi/112405388.htm,404
https://www.nhatot.com//mua-ban-nha-dat-quan-12-tp-ho-chi-minh/115417742.htm,404
https://www.nhatot.com//mua-ban-nha-dat-huyen-nha-be-tp-ho-chi-minh/115042793.htm#px=SR-special_display_ad-[PO-6][PL-default],404
https://www.nhatot.com//mua-ban-dat-huyen-hoai-duc-ha-noi/115505627.htm,404
https://www.nhatot.com//mua-ban-nha-dat-quan-go-vap-tp-ho-chi-minh/115505634.htm,404
https://www.nhatot.com//mua-ban-dat-quan-7-tp-ho-chi-minh/115175603.htm,404
https://www.nhatot.com//mua-ban-can-ho-chung-cu-thanh-pho-di-an-binh-duong/113025427.htm,404
https://www.nhatot.com//mua-ban-nha-dat-quan-binh-tan-tp-ho-chi-minh/115505622.htm,404
https://www.nhatot.com//mua-ban-can-ho-chung-cu-quan-tan-phu-tp-ho-chi-minh/115505615.htm,404
https://www.nhatot.com//mua-ban-nha-dat-quan-12-tp-ho-chi-minh/114432509.htm,404
https://www.nhatot.com//mua-ban-can-ho-chung-cu-quan-cai-rang-can-tho/115357445.htm,404
https://www.nhatot.com//mua-ban-nha-dat-quan-go-vap-tp-ho-chi-minh/114388286.htm,404
https://www.nhatot.com//mua-ban-nha-dat-huyen-bao-lam-lam-dong/115505601.htm,404
https://www.nhatot.com//mua-ban-can-ho-chung-cu-huyen-ben-luc-long-an/115505598.htm,404
https://www.nhatot.com//mua-ban-nha-dat-quan-hoang-mai-ha-noi/115505597.htm,404
https://www.nhatot.com//mua-ban-nha-dat-quan-go-vap-tp-ho-chi-minh/106346915.htm#px=SR-special_display_ad-[PO-12][PL-default],404
https://www.nhatot.com//mua-ban-dat-huyen-can-giuoc-long-an/115505590.htm,404
https://www.nhatot.com//sang-nhuong-van-phong-mat-bang-kinh-doanh-quan-tan-binh-tp-ho-chi-minh/115505588.htm,404
https://www.nhatot.com//mua-ban-nha-dat-thanh-pho-thu-dau-mot-binh-duong/114509327.htm#px=SR-special_display_ad-[PO-19][PL-default],404
https://www.nhatot.com//mua-ban-dat-huyen-long-thanh-dong-nai/115443258.htm,404
https://www.nhatot.com//mua-ban-can-ho-chung-cu-thanh-pho-thu-duc-tp-ho-chi-minh/115452058.htm,404
https://www.nhatot.com//mua-ban-nha-dat-quan-go-vap-tp-ho-chi-minh/106346915.htm#px=SR-special_display_ad-[PO-2][PL-default],404
https://www.nhatot.com//mua-ban-nha-dat-quan-3-tp-ho-chi-minh/104937596.htm,404
https://www.nhatot.com//mua-ban-dat-quan-3-tp-ho-chi-minh/107675560.htm,404
https://www.nhatot.com//mua-ban-nha-dat-thanh-pho-thu-dau-mot-binh-duong/114509327.htm#px=SR-special_display_ad-[PO-9][PL-default],404
https://www.nhatot.com//sang-nhuong-van-phong-mat-bang-kinh-doanh-quan-tan-binh-tp-ho-chi-minh/104798938.htm,404
https://www.nhatot.com//mua-ban-nha-dat-quan-3-tp-ho-chi-minh/105853736.htm,404
https://www.nhatot.com//mua-ban-nha-dat-quan-phu-nhuan-tp-ho-chi-minh/104735231.htm,404
https://www.nhatot.com//sang-nhuong-van-phong-mat-bang-kinh-doanh-quan-1-tp-ho-chi-minh/107566456.htm,404
https://www.nhatot.com//mua-ban-nha-dat-quan-tan-binh-tp-ho-chi-minh/104806562.htm,404
https://www.nhatot.com//mua-ban-nha-dat-quan-1-tp-ho-chi-minh/108257550.htm,404
https://www.nhatot.com//mua-ban-nha-dat-quan-4-tp-ho-chi-minh/109545371.htm,404
https://www.nhatot.com//mua-ban-nha-dat-quan-phu-nhuan-tp-ho-chi-minh/109017065.htm,404
https://www.nhatot.com//sang-nhuong-van-phong-mat-bang-kinh-doanh-quan-1-tp-ho-chi-minh/107795473.htm,404
https://www.nhatot.com//sang-nhuong-van-phong-mat-bang-kinh-doanh-quan-phu-nhuan-tp-ho-chi-minh/102037508.htm,404
https://www.nhatot.com//mua-ban-nha-dat-quan-10-tp-ho-chi-minh/109986964.htm,404
https://www.nhatot.com//mua-ban-nha-dat-quan-3-tp-ho-chi-minh/108984200.htm,404
https://www.nhatot.com//mua-ban-nha-dat-quan-3-tp-ho-chi-minh/111163239.htm,404
https://www.nhatot.com//mua-ban-nha-dat-quan-3-tp-ho-chi-minh/109620210.htm,404
https://www.nhatot.com//mua-ban-nha-dat-quan-binh-thanh-tp-ho-chi-minh/110040357.htm,404
https://www.nhatot.com//mua-ban-nha-dat-quan-1-tp-ho-chi-minh/111865526.htm,404
https://www.nhatot.com//mua-ban-nha-dat-quan-3-tp-ho-chi-minh/109305092.htm,404
https://www.nhatot.com//mua-ban-nha-dat-quan-3-tp-ho-chi-minh/110880203.htm,404
https://www.nhatot.com//mua-ban-nha-dat-quan-3-tp-ho-chi-minh/110880019.htm,404
https://www.nhatot.com//mua-ban-nha-dat-quan-1-tp-ho-chi-minh/110884154.htm,404
https://www.nhatot.com//mua-ban-nha-dat-quan-1-tp-ho-chi-minh/109067526.htm,404
https://www.nhatot.com//mua-ban-nha-dat-quan-10-tp-ho-chi-minh/108725049.htm,404
https://www.nhatot.com//mua-ban-nha-dat-quan-1-tp-ho-chi-minh/105892082.htm,404
https://www.nhatot.com//mua-ban-nha-dat-quan-tan-binh-tp-ho-chi-minh/105421114.htm,404
https://www.nhatot.com//sang-nhuong-van-phong-mat-bang-kinh-doanh-quan-1-tp-ho-chi-minh/108615936.htm,404
https://www.nhatot.com//mua-ban-nha-dat-quan-1-tp-ho-chi-minh/106997516.htm,404
https://www.nhatot.com//mua-ban-nha-dat-quan-1-tp-ho-chi-minh/108866626.htm,404
https://www.nhatot.com//mua-ban-nha-dat-quan-binh-thanh-tp-ho-chi-minh/110786608.htm,404
https://www.nhatot.com//sang-nhuong-van-phong-mat-bang-kinh-doanh-quan-3-tp-ho-chi-minh/115063634.htm,404
https://www.nhatot.com//mua-ban-nha-dat-quan-3-tp-ho-chi-minh/109581816.htm,404
https://www.nhatot.com//sang-nhuong-van-phong-mat-bang-kinh-doanh-quan-1-tp-ho-chi-minh/108615462.htm,404
https://www.nhatot.com//sang-nhuong-van-phong-mat-bang-kinh-doanh-quan-tan-binh-tp-ho-chi-minh/115063757.htm,404
https://www.nhatot.com//mua-ban-nha-dat-quan-phu-nhuan-tp-ho-chi-minh/105440267.htm,404
https://www.nhatot.com//mua-ban-nha-dat-quan-1-tp-ho-chi-minh/108185913.htm,404
https://www.nhatot.com//mua-ban-nha-dat-quan-1-tp-ho-chi-minh/108616501.htm,404
https://www.nhatot.com//mua-ban-nha-dat-quan-1-tp-ho-chi-minh/108753891.htm,404
https://www.nhatot.com//mua-ban-nha-dat-quan-phu-nhuan-tp-ho-chi-minh/108866956.htm,404
https://www.nhatot.com//mua-ban-nha-dat-quan-1-tp-ho-chi-minh/109545525.htm,404
https://www.nhatot.com//mua-ban-nha-dat-quan-1-tp-ho-chi-minh/99438270.htm,404
https://www.nhatot.com//mua-ban-nha-dat-quan-tan-binh-tp-ho-chi-minh/109769753.htm,404
https://www.nhatot.com//mua-ban-nha-dat-quan-3-tp-ho-chi-minh/107036754.htm,404
https://www.nhatot.com//mua-ban-nha-dat-quan-3-tp-ho-chi-minh/108257845.htm,404
https://www.nhatot.com//mua-ban-nha-dat-quan-3-tp-ho-chi-minh/112224224.htm,404
https://www.nhatot.com//mua-ban-nha-dat-quan-phu-nhuan-tp-ho-chi-minh/112138730.htm,404
https://www.nhatot.com//mua-ban-nha-dat-quan-1-tp-ho-chi-minh/109161948.htm,404
https://www.nhatot.com//mua-ban-can-ho-chung-cu-quan-tan-binh-tp-ho-chi-minh/115505574.htm,404
https://www.nhatot.com//mua-ban-nha-dat-quan-12-tp-ho-chi-minh/114954533.htm,404
https://www.nhatot.com//mua-ban-nha-dat-thanh-pho-bien-hoa-dong-nai/115295618.htm,404
https://www.nhatot.com//mua-ban-nha-dat-huyen-binh-chanh-tp-ho-chi-minh/115505557.htm,404
https://www.nhatot.com//mua-ban-dat-huyen-chuong-my-ha-noi/115505552.htm,404
https://www.nhatot.com//mua-ban-nha-dat-thanh-pho-nha-trang-khanh-hoa/115505548.htm#px=SR-special_display_ad-[PO-5][PL-default],404
https://www.nhatot.com//mua-ban-dat-quan-ngu-hanh-son-da-nang/115505546.htm,404
https://www.nhatot.com//mua-ban-can-ho-chung-cu-quan-binh-tan-tp-ho-chi-minh/114819959.htm,404
https://www.nhatot.com//mua-ban-nha-dat-huyen-binh-chanh-tp-ho-chi-minh/112810011.htm,404
https://www.nhatot.com//mua-ban-nha-dat-quan-binh-tan-tp-ho-chi-minh/115447015.htm,404
https://www.nhatot.com//mua-ban-dat-huyen-thuong-tin-ha-noi/115505536.htm,404
https://www.nhatot.com//mua-ban-nha-dat-quan-binh-tan-tp-ho-chi-minh/115299228.htm,404
https://www.nhatot.com//mua-ban-nha-dat-quan-tan-binh-tp-ho-chi-minh/115415719.htm,404
https://www.nhatot.com//mua-ban-nha-dat-quan-go-vap-tp-ho-chi-minh/115302820.htm#px=SR-special_display_ad-[PO-5][PL-default],404
https://www.nhatot.com//mua-ban-nha-dat-quan-cau-giay-ha-noi/115470644.htm#px=SR-special_display_ad-[PO-8][PL-default],404
https://www.nhatot.com//mua-ban-nha-dat-quan-5-tp-ho-chi-minh/115427960.htm,404
https://www.nhatot.com//mua-ban-dat-thi-xa-ben-cat-binh-duong/115505531.htm,404
https://www.nhatot.com//mua-ban-nha-dat-huyen-thanh-tri-ha-noi/115143481.htm,404
https://www.nhatot.com//mua-ban-nha-dat-quan-binh-thanh-tp-ho-chi-minh/115505516.htm,404
https://www.nhatot.com//mua-ban-nha-dat-quan-8-tp-ho-chi-minh/103686554.htm,404
https://www.nhatot.com//mua-ban-dat-huyen-can-giuoc-long-an/114637520.htm,404
https://www.nhatot.com//mua-ban-nha-dat-thanh-pho-thu-duc-tp-ho-chi-minh/115505508.htm,404
https://www.nhatot.com//mua-ban-nha-dat-thanh-pho-thu-duc-tp-ho-chi-minh/111787361.htm,404
https://www.nhatot.com//mua-ban-nha-dat-quan-tan-phu-tp-ho-chi-minh/115505507.htm,404
https://www.nhatot.com//mua-ban-nha-dat-quan-thanh-xuan-ha-noi/115505505.htm,404
https://www.nhatot.com//mua-ban-nha-dat-huyen-binh-chanh-tp-ho-chi-minh/115418415.htm,404
https://www.nhatot.com//mua-ban-can-ho-chung-cu-thanh-pho-thu-duc-tp-ho-chi-minh/114812955.htm,404
https://www.nhatot.com//mua-ban-can-ho-chung-cu-quan-binh-thanh-tp-ho-chi-minh/115505492.htm,404
https://www.nhatot.com//mua-ban-can-ho-chung-cu-huyen-ben-luc-long-an/115166000.htm,404
https://www.nhatot.com//mua-ban-dat-thanh-pho-thu-duc-tp-ho-chi-minh/115505488.htm,404
https://www.nhatot.com//mua-ban-dat-huyen-cu-chi-tp-ho-chi-minh/114014426.htm,404
https://www.nhatot.com//mua-ban-can-ho-chung-cu-thanh-pho-thu-duc-tp-ho-chi-minh/115505487.htm,404
https://www.nhatot.com//mua-ban-nha-dat-quan-12-tp-ho-chi-minh/115167408.htm,404
https://www.nhatot.com//mua-ban-can-ho-chung-cu-quan-tan-phu-tp-ho-chi-minh/115505454.htm,404
https://www.nhatot.com//mua-ban-nha-dat-huyen-ben-luc-long-an/115505445.htm,404
https://www.nhatot.com//mua-ban-nha-dat-quan-go-vap-tp-ho-chi-minh/115505437.htm,404
https://www.nhatot.com//mua-ban-nha-dat-quan-3-tp-ho-chi-minh/115505436.htm,404
https://www.nhatot.com//mua-ban-dat-thanh-pho-thu-duc-tp-ho-chi-minh/114423397.htm,404
https://www.nhatot.com//mua-ban-can-ho-chung-cu-thanh-pho-long-xuyen-an-giang/115505433.htm,404
https://www.nhatot.com//mua-ban-can-ho-chung-cu-quan-6-tp-ho-chi-minh/115395425.htm,404
https://www.nhatot.com//mua-ban-nha-dat-thanh-pho-nha-trang-khanh-hoa/115505430.htm,404
https://www.nhatot.com//mua-ban-nha-dat-quan-binh-tan-tp-ho-chi-minh/115505427.htm,404
https://www.nhatot.com//mua-ban-nha-dat-thanh-pho-thu-duc-tp-ho-chi-minh/114450108.htm,404
https://www.nhatot.com//mua-ban-nha-dat-quan-binh-tan-tp-ho-chi-minh/114761789.htm,404
https://www.nhatot.com//mua-ban-nha-dat-quan-7-tp-ho-chi-minh/115505422.htm,404
https://www.nhatot.com//mua-ban-nha-dat-quan-5-tp-ho-chi-minh/115505411.htm,404
https://www.nhatot.com//mua-ban-can-ho-chung-cu-thanh-pho-phu-quoc-kien-giang/115416884.htm,404
https://www.nhatot.com//mua-ban-nha-dat-thanh-pho-thu-duc-tp-ho-chi-minh/114477312.htm,404
https://www.nhatot.com//mua-ban-nha-dat-quan-thanh-khe-da-nang/115272468.htm,404
https://www.nhatot.com//mua-ban-nha-dat-quan-ngu-hanh-son-da-nang/115505402.htm,404
https://www.nhatot.com//mua-ban-can-ho-chung-cu-quan-binh-tan-tp-ho-chi-minh/115505401.htm,404
https://www.nhatot.com//mua-ban-nha-dat-thanh-pho-thu-duc-tp-ho-chi-minh/114599027.htm,404
https://www.nhatot.com//mua-ban-nha-dat-quan-binh-thanh-tp-ho-chi-minh/115505383.htm,404
https://www.nhatot.com//mua-ban-dat-thanh-pho-thu-duc-tp-ho-chi-minh/114624065.htm,404
https://www.nhatot.com//mua-ban-dat-huyen-dinh-quan-dong-nai/114146323.htm,404
https://www.nhatot.com//mua-ban-dat-thanh-pho-thu-duc-tp-ho-chi-minh/114029861.htm,404
https://www.nhatot.com//mua-ban-dat-thi-xa-phu-my-ba-ria-vung-tau/115505363.htm#px=SR-special_display_ad-[PO-12][PL-default],404
https://www.nhatot.com//mua-ban-nha-dat-quan-thanh-khe-da-nang/115409231.htm,404
https://www.nhatot.com//mua-ban-nha-dat-quan-binh-thanh-tp-ho-chi-minh/115505358.htm,404
https://www.nhatot.com//mua-ban-nha-dat-quan-binh-tan-tp-ho-chi-minh/115182619.htm,404
https://www.nhatot.com//mua-ban-nha-dat-quan-binh-tan-tp-ho-chi-minh/115505346.htm,404
https://www.nhatot.com//mua-ban-can-ho-chung-cu-quan-thanh-xuan-ha-noi/115505341.htm#px=SR-special_display_ad-[PO-17][PL-default],404
https://www.nhatot.com//mua-ban-nha-dat-huyen-nha-be-tp-ho-chi-minh/115304249.htm,404
https://www.nhatot.com//mua-ban-can-ho-chung-cu-quan-thanh-xuan-ha-noi/115505341.htm#px=SR-special_display_ad-[PO-4][PL-default],404
https://www.nhatot.com//mua-ban-nha-dat-quan-binh-thanh-tp-ho-chi-minh/115073641.htm#px=SR-special_display_ad-[PO-8][PL-default],404
https://www.nhatot.com//mua-ban-nha-dat-quan-binh-tan-tp-ho-chi-minh/115480129.htm,404
https://www.nhatot.com//mua-ban-nha-dat-huyen-nha-be-tp-ho-chi-minh/114674309.htm,404
https://www.nhatot.com//mua-ban-nha-dat-quan-binh-tan-tp-ho-chi-minh/114661982.htm,404
https://www.nhatot.com//mua-ban-nha-dat-quan-go-vap-tp-ho-chi-minh/114621355.htm,404
https://www.nhatot.com//mua-ban-nha-dat-quan-thanh-xuan-ha-noi/115408108.htm,404
https://www.nhatot.com//mua-ban-nha-dat-quan-go-vap-tp-ho-chi-minh/114598834.htm,404
https://www.nhatot.com//mua-ban-nha-dat-quan-3-tp-ho-chi-minh/115505307.htm,404
https://www.nhatot.com//mua-ban-can-ho-chung-cu-quan-dong-da-ha-noi/115064886.htm,404
https://www.nhatot.com//mua-ban-nha-dat-quan-lien-chieu-da-nang/115446153.htm,404
https://www.nhatot.com//mua-ban-nha-dat-thanh-pho-thu-duc-tp-ho-chi-minh/115100864.htm#px=SR-special_display_ad-[PO-5][PL-default],404
https://www.nhatot.com//mua-ban-nha-dat-quan-12-tp-ho-chi-minh/115444502.htm,404
https://www.nhatot.com//mua-ban-nha-dat-quan-binh-thanh-tp-ho-chi-minh/115072885.htm#px=SR-special_display_ad-[PO-9][PL-default],404
https://www.nhatot.com//mua-ban-nha-dat-quan-go-vap-tp-ho-chi-minh/114479555.htm,404
https://www.nhatot.com//mua-ban-nha-dat-quan-cau-giay-ha-noi/115505287.htm,404
https://www.nhatot.com//mua-ban-can-ho-chung-cu-huyen-gia-lam-ha-noi/115505283.htm#px=SR-special_display_ad-[PO-13][PL-default],404
https://www.nhatot.com//mua-ban-dat-quan-binh-tan-tp-ho-chi-minh/114402911.htm,404
https://www.nhatot.com//mua-ban-nha-dat-thanh-pho-thu-duc-tp-ho-chi-minh/115058452.htm#px=SR-special_display_ad-[PO-16][PL-default],404
https://www.nhatot.com//mua-ban-nha-dat-quan-cam-le-da-nang/115505272.htm,404
https://www.nhatot.com//mua-ban-can-ho-chung-cu-quan-ba-dinh-ha-noi/115505270.htm,404
https://www.nhatot.com//mua-ban-nha-dat-quan-binh-thanh-tp-ho-chi-minh/115505271.htm,404
https://www.nhatot.com//mua-ban-nha-dat-quan-go-vap-tp-ho-chi-minh/114366305.htm,404
https://www.nhatot.com//mua-ban-nha-dat-quan-11-tp-ho-chi-minh/115505263.htm,404
https://www.nhatot.com//mua-ban-can-ho-chung-cu-quan-tan-phu-tp-ho-chi-minh/115505267.htm,404
https://www.nhatot.com//mua-ban-nha-dat-thanh-pho-thu-duc-tp-ho-chi-minh/115028417.htm#px=SR-special_display_ad-[PO-5][PL-default],404
https://www.nhatot.com//mua-ban-nha-dat-quan-tan-phu-tp-ho-chi-minh/115505260.htm,404
https://www.nhatot.com//mua-ban-dat-huyen-thuong-tin-ha-noi/115505257.htm,404
https://www.nhatot.com//mua-ban-dat-huyen-trang-bang-tay-ninh/111729466.htm,404
https://www.nhatot.com//mua-ban-dat-huyen-nha-be-tp-ho-chi-minh/115505254.htm,404
https://www.nhatot.com//mua-ban-nha-dat-huyen-binh-chanh-tp-ho-chi-minh/115505255.htm#px=SR-special_display_ad-[PO-11][PL-default],404
https://www.nhatot.com//mua-ban-dat-thanh-pho-thu-duc-tp-ho-chi-minh/115505243.htm#px=SR-special_display_ad-[PO-15][PL-default],404
https://www.nhatot.com//mua-ban-dat-huyen-go-dau-tay-ninh/115505241.htm,404
https://www.nhatot.com//mua-ban-dat-thi-xa-ben-cat-binh-duong/114995322.htm,404
https://www.nhatot.com//mua-ban-dat-quan-go-vap-tp-ho-chi-minh/115180297.htm,404
https://www.nhatot.com//mua-ban-dat-quan-lien-chieu-da-nang/115505221.htm,404
https://www.nhatot.com//mua-ban-nha-dat-quan-cau-giay-ha-noi/115505224.htm,404
https://www.nhatot.com//sang-nhuong-van-phong-mat-bang-kinh-doanh-quan-binh-thanh-tp-ho-chi-minh/114901073.htm#px=SR-special_display_ad-[PO-7][PL-default],404
https://www.nhatot.com//mua-ban-nha-dat-quan-tan-phu-tp-ho-chi-minh/115505213.htm,404
https://www.nhatot.com//mua-ban-nha-dat-quan-go-vap-tp-ho-chi-minh/115446747.htm,404
https://www.nhatot.com//mua-ban-dat-thanh-pho-thu-duc-tp-ho-chi-minh/115505207.htm,404
https://www.nhatot.com//mua-ban-can-ho-chung-cu-thanh-pho-di-an-binh-duong/115505208.htm,404
https://www.nhatot.com//mua-ban-dat-huyen-dong-phu-binh-phuoc/115505206.htm,404
https://www.nhatot.com//mua-ban-dat-huyen-trang-bom-dong-nai/115416596.htm#px=SR-special_display_ad-[PO-15][PL-default],404
https://www.nhatot.com//mua-ban-can-ho-chung-cu-quan-binh-thanh-tp-ho-chi-minh/115462054.htm,404
https://www.nhatot.com//mua-ban-can-ho-chung-cu-thanh-pho-thu-duc-tp-ho-chi-minh/115375656.htm,404
https://www.nhatot.com//mua-ban-dat-huyen-trang-bom-dong-nai/115416596.htm#px=SR-special_display_ad-[PO-2][PL-default],404
https://www.nhatot.com//mua-ban-dat-thanh-pho-thu-duc-tp-ho-chi-minh/115053566.htm,404
https://www.nhatot.com//mua-ban-dat-thanh-pho-thu-duc-tp-ho-chi-minh/113345103.htm,404
https://www.nhatot.com//mua-ban-can-ho-chung-cu-quan-tan-phu-tp-ho-chi-minh/115395399.htm,404
https://www.nhatot.com//mua-ban-nha-dat-quan-go-vap-tp-ho-chi-minh/115299145.htm,404
https://www.nhatot.com//mua-ban-can-ho-chung-cu-thanh-pho-thu-duc-tp-ho-chi-minh/115505161.htm,404
https://www.nhatot.com//mua-ban-nha-dat-quan-binh-thanh-tp-ho-chi-minh/115241279.htm,404
https://www.nhatot.com//mua-ban-nha-dat-quan-go-vap-tp-ho-chi-minh/115505160.htm,404
https://www.nhatot.com//mua-ban-nha-dat-quan-long-bien-ha-noi/115505159.htm,404
https://www.nhatot.com//mua-ban-dat-thanh-pho-thu-duc-tp-ho-chi-minh/114898130.htm,404
https://www.nhatot.com//mua-ban-nha-dat-huyen-hoc-mon-tp-ho-chi-minh/115475731.htm,404
https://www.nhatot.com//mua-ban-dat-thanh-pho-thu-duc-tp-ho-chi-minh/114899366.htm,404
https://www.nhatot.com//mua-ban-can-ho-chung-cu-quan-binh-tan-tp-ho-chi-minh/115505142.htm,404
https://www.nhatot.com//mua-ban-nha-dat-quan-hai-ba-trung-ha-noi/115064461.htm,404
https://www.nhatot.com//mua-ban-dat-thi-xa-ben-cat-binh-duong/115368395.htm,404
https://www.nhatot.com//mua-ban-nha-dat-thanh-pho-thu-duc-tp-ho-chi-minh/115052627.htm,404
https://www.nhatot.com//mua-ban-nha-dat-quan-12-tp-ho-chi-minh/115480685.htm,404
https://www.nhatot.com//mua-ban-nha-dat-quan-7-tp-ho-chi-minh/114937996.htm,404
https://www.nhatot.com//mua-ban-dat-thanh-pho-thu-duc-tp-ho-chi-minh/114958478.htm,404
https://www.nhatot.com//mua-ban-dat-thanh-pho-thu-duc-tp-ho-chi-minh/114617187.htm,404
https://www.nhatot.com//mua-ban-nha-dat-huyen-binh-chanh-tp-ho-chi-minh/115475529.htm,404
https://www.nhatot.com//mua-ban-dat-thanh-pho-thu-duc-tp-ho-chi-minh/114958138.htm,404
https://www.nhatot.com//mua-ban-can-ho-chung-cu-quan-bac-tu-liem-ha-noi/110962083.htm,404
https://www.nhatot.com//mua-ban-nha-dat-quan-tan-binh-tp-ho-chi-minh/115505117.htm#px=SR-special_display_ad-[PO-11][PL-default],404
https://www.nhatot.com//mua-ban-nha-dat-quan-thanh-khe-da-nang/115505109.htm,404
https://www.nhatot.com//mua-ban-nha-dat-thanh-pho-thu-duc-tp-ho-chi-minh/115505110.htm,404
https://www.nhatot.com//mua-ban-dat-thanh-pho-thu-duc-tp-ho-chi-minh/114898600.htm,404
https://www.nhatot.com//mua-ban-can-ho-chung-cu-thanh-pho-thu-duc-tp-ho-chi-minh/115505104.htm,404
https://www.nhatot.com//mua-ban-can-ho-chung-cu-thanh-pho-thu-duc-tp-ho-chi-minh/115505106.htm,404
https://www.nhatot.com//mua-ban-nha-dat-huyen-nha-be-tp-ho-chi-minh/115505102.htm,404
https://www.nhatot.com//mua-ban-nha-dat-huyen-hoc-mon-tp-ho-chi-minh/115505101.htm,404
https://www.nhatot.com//mua-ban-nha-dat-quan-go-vap-tp-ho-chi-minh/115390200.htm,404
https://www.nhatot.com//mua-ban-nha-dat-quan-binh-thanh-tp-ho-chi-minh/115202308.htm,404
https://www.nhatot.com//mua-ban-nha-dat-quan-tan-binh-tp-ho-chi-minh/115476311.htm,404
https://www.nhatot.com//mua-ban-nha-dat-quan-long-bien-ha-noi/115480364.htm,404
https://www.nhatot.com//sang-nhuong-van-phong-mat-bang-kinh-doanh-thanh-pho-thu-duc-tp-ho-chi-minh/113607283.htm,404
https://www.nhatot.com//mua-ban-dat-thanh-pho-thu-duc-tp-ho-chi-minh/112723460.htm,404
https://www.nhatot.com//mua-ban-nha-dat-quan-7-tp-ho-chi-minh/111759609.htm,404
https://www.nhatot.com//mua-ban-nha-dat-thanh-pho-thu-duc-tp-ho-chi-minh/112635956.htm,404
https://www.nhatot.com//mua-ban-nha-dat-huyen-trang-bang-tay-ninh/114429258.htm,404
https://www.nhatot.com//mua-ban-dat-quan-lien-chieu-da-nang/115505078.htm,404
https://www.nhatot.com//mua-ban-nha-dat-quan-tan-phu-tp-ho-chi-minh/115505072.htm,404
https://www.nhatot.com//mua-ban-can-ho-chung-cu-huyen-gia-lam-ha-noi/114431447.htm,404
https://www.nhatot.com//mua-ban-dat-thanh-pho-thu-duc-tp-ho-chi-minh/113009750.htm,404
https://www.nhatot.com//mua-ban-nha-dat-quan-thanh-khe-da-nang/115505071.htm,404
https://www.nhatot.com//mua-ban-dat-huyen-tam-nong-dong-thap/113872263.htm,404
https://www.nhatot.com//mua-ban-nha-dat-quan-go-vap-tp-ho-chi-minh/114635764.htm,404
https://www.nhatot.com//mua-ban-nha-dat-quan-12-tp-ho-chi-minh/115505062.htm,404
https://www.nhatot.com//mua-ban-nha-dat-quan-go-vap-tp-ho-chi-minh/114637156.htm,404
https://www.nhatot.com//mua-ban-nha-dat-huyen-hoc-mon-tp-ho-chi-minh/115475716.htm#px=SR-special_display_ad-[PO-20][PL-default],404
https://www.nhatot.com//mua-ban-nha-dat-huyen-hoc-mon-tp-ho-chi-minh/115475716.htm#px=SR-special_display_ad-[PO-1][PL-default],404
https://www.nhatot.com//mua-ban-dat-quan-12-tp-ho-chi-minh/113765123.htm,404
https://www.nhatot.com//mua-ban-dat-quan-binh-tan-tp-ho-chi-minh/115427398.htm,404
https://www.nhatot.com//mua-ban-can-ho-chung-cu-quan-tan-phu-tp-ho-chi-minh/115224458.htm,404
https://www.nhatot.com//mua-ban-can-ho-chung-cu-huyen-gia-lam-ha-noi/114591389.htm,404
https://www.nhatot.com//mua-ban-dat-huyen-thanh-binh-dong-thap/114138856.htm,404
https://www.nhatot.com//mua-ban-nha-dat-quan-go-vap-tp-ho-chi-minh/115013449.htm,404
https://www.nhatot.com//mua-ban-can-ho-chung-cu-huyen-gia-lam-ha-noi/114590188.htm,404
https://www.nhatot.com//mua-ban-can-ho-chung-cu-huyen-gia-lam-ha-noi/114431699.htm,404
https://www.nhatot.com//mua-ban-nha-dat-quan-binh-thanh-tp-ho-chi-minh/115276148.htm,404
https://www.nhatot.com//mua-ban-nha-dat-thi-xa-ben-cat-binh-duong/115505021.htm,404
https://www.nhatot.com//mua-ban-nha-dat-thanh-pho-bien-hoa-dong-nai/115505022.htm,404
https://www.nhatot.com//mua-ban-nha-dat-quan-long-bien-ha-noi/113616730.htm,404
https://www.nhatot.com//mua-ban-nha-dat-quan-hai-ba-trung-ha-noi/115068053.htm,404
https://www.nhatot.com//mua-ban-nha-dat-quan-12-tp-ho-chi-minh/115275774.htm#px=SR-special_display_ad-[PO-18][PL-default],404
https://www.nhatot.com//mua-ban-can-ho-chung-cu-quan-go-vap-tp-ho-chi-minh/115505018.htm,404
https://www.nhatot.com//mua-ban-can-ho-chung-cu-huyen-gia-lam-ha-noi/114970122.htm,404
https://www.nhatot.com//mua-ban-nha-dat-quan-12-tp-ho-chi-minh/115275774.htm#px=SR-special_display_ad-[PO-3][PL-default],404
https://www.nhatot.com//mua-ban-dat-thanh-pho-thu-duc-tp-ho-chi-minh/115416406.htm,404
https://www.nhatot.com//mua-ban-can-ho-chung-cu-quan-cau-giay-ha-noi/115416393.htm,404
https://www.nhatot.com//mua-ban-nha-dat-quan-binh-tan-tp-ho-chi-minh/115011757.htm,404
https://www.nhatot.com//mua-ban-dat-huyen-can-gio-tp-ho-chi-minh/115416280.htm,404
https://www.nhatot.com//mua-ban-can-ho-chung-cu-thanh-pho-thu-duc-tp-ho-chi-minh/115504992.htm#px=SR-special_display_ad-[PO-13][PL-default],404
https://www.nhatot.com//mua-ban-dat-huyen-bao-lam-lam-dong/115504989.htm,404
https://www.nhatot.com//mua-ban-nha-dat-quan-go-vap-tp-ho-chi-minh/114878126.htm,404
https://www.nhatot.com//mua-ban-dat-thanh-pho-thu-duc-tp-ho-chi-minh/115303993.htm,404
https://www.nhatot.com//mua-ban-dat-thanh-pho-buon-ma-thuot-dak-lak/112939459.htm#px=SR-special_display_ad-[PO-19][PL-default],404
https://www.nhatot.com//mua-ban-dat-thanh-pho-buon-ma-thuot-dak-lak/112939459.htm#px=SR-special_display_ad-[PO-3][PL-default],404
https://www.nhatot.com//mua-ban-nha-dat-quan-go-vap-tp-ho-chi-minh/114647467.htm,404
https://www.nhatot.com//mua-ban-nha-dat-thanh-pho-buon-ma-thuot-dak-lak/112076991.htm#px=SR-special_display_ad-[PO-6][PL-default],404
https://www.nhatot.com//mua-ban-dat-thanh-pho-soc-trang-soc-trang/110872006.htm,404
https://www.nhatot.com//mua-ban-dat-thanh-pho-soc-trang-soc-trang/113838002.htm,404
https://www.nhatot.com//mua-ban-nha-dat-quan-12-tp-ho-chi-minh/114178446.htm,404
https://www.nhatot.com//mua-ban-dat-thanh-pho-thu-duc-tp-ho-chi-minh/114933058.htm#px=SR-special_display_ad-[PO-11][PL-default],404
https://www.nhatot.com//mua-ban-nha-dat-quan-tan-phu-tp-ho-chi-minh/115504973.htm,404
https://www.nhatot.com//mua-ban-dat-thanh-pho-soc-trang-soc-trang/113837970.htm,404
https://www.nhatot.com//mua-ban-dat-huyen-tam-nong-dong-thap/113880887.htm,404
https://www.nhatot.com//mua-ban-nha-dat-quan-tan-phu-tp-ho-chi-minh/115504950.htm,404
https://www.nhatot.com//mua-ban-dat-thanh-pho-soc-trang-soc-trang/111978652.htm,404
https://www.nhatot.com//mua-ban-nha-dat-quan-long-bien-ha-noi/115386305.htm,404
https://www.nhatot.com//mua-ban-nha-dat-thanh-pho-bien-hoa-dong-nai/115252472.htm,404
https://www.nhatot.com//mua-ban-nha-dat-quan-12-tp-ho-chi-minh/114960647.htm,404
https://www.nhatot.com//mua-ban-nha-dat-quan-go-vap-tp-ho-chi-minh/114402100.htm,404
https://www.nhatot.com//mua-ban-nha-dat-quan-11-tp-ho-chi-minh/112799609.htm,404
https://www.nhatot.com//mua-ban-nha-dat-quan-7-tp-ho-chi-minh/115059600.htm,404
https://www.nhatot.com//mua-ban-nha-dat-quan-binh-thanh-tp-ho-chi-minh/115504928.htm,404
https://www.nhatot.com//mua-ban-nha-dat-huyen-hoc-mon-tp-ho-chi-minh/115318574.htm,404
https://www.nhatot.com//mua-ban-dat-thi-xa-tan-uyen-binh-duong/115504920.htm,404
https://www.nhatot.com//mua-ban-nha-dat-thanh-pho-thu-duc-tp-ho-chi-minh/115504918.htm,404
https://www.nhatot.com//mua-ban-nha-dat-quan-tan-phu-tp-ho-chi-minh/115504905.htm,404
https://www.nhatot.com//mua-ban-nha-dat-huyen-binh-chanh-tp-ho-chi-minh/115407744.htm#px=SR-special_display_ad-[PO-9][PL-default],404
https://www.nhatot.com//mua-ban-dat-thanh-pho-thu-duc-tp-ho-chi-minh/115504902.htm,404
https://www.nhatot.com//mua-ban-can-ho-chung-cu-quan-7-tp-ho-chi-minh/115446491.htm,404
https://www.nhatot.com//mua-ban-nha-dat-quan-tan-phu-tp-ho-chi-minh/115219517.htm,404
https://www.nhatot.com//mua-ban-dat-huyen-nha-be-tp-ho-chi-minh/115504895.htm,404
https://www.nhatot.com//mua-ban-nha-dat-quan-tan-phu-tp-ho-chi-minh/114895001.htm,404
https://www.nhatot.com//mua-ban-dat-quan-binh-tan-tp-ho-chi-minh/111699349.htm,404
https://www.nhatot.com//mua-ban-nha-dat-quan-3-tp-ho-chi-minh/115178480.htm,404
https://www.nhatot.com//mua-ban-nha-dat-quan-tan-phu-tp-ho-chi-minh/115487200.htm,404
https://www.nhatot.com//mua-ban-nha-dat-quan-binh-tan-tp-ho-chi-minh/115255718.htm,404
https://www.nhatot.com//mua-ban-nha-dat-quan-6-tp-ho-chi-minh/115504862.htm#px=SR-special_display_ad-[PO-10][PL-default],404
https://www.nhatot.com//mua-ban-nha-dat-huyen-hoc-mon-tp-ho-chi-minh/115504858.htm,404
https://www.nhatot.com//mua-ban-dat-thanh-pho-da-lat-lam-dong/115504845.htm,404
https://www.nhatot.com//mua-ban-nha-dat-quan-dong-da-ha-noi/115504849.htm,404
https://www.nhatot.com//mua-ban-dat-thanh-pho-tan-an-long-an/113411755.htm,404
https://www.nhatot.com//mua-ban-dat-huyen-cu-chi-tp-ho-chi-minh/115504842.htm#px=SR-special_display_ad-[PO-18][PL-default],404
https://www.nhatot.com//mua-ban-dat-huyen-cu-chi-tp-ho-chi-minh/115504842.htm#px=SR-special_display_ad-[PO-7][PL-default],404
https://www.nhatot.com//mua-ban-can-ho-chung-cu-quan-hai-ba-trung-ha-noi/115504837.htm,404
https://www.nhatot.com//mua-ban-nha-dat-thanh-pho-buon-ma-thuot-dak-lak/114993327.htm#px=SR-special_display_ad-[PO-12][PL-default],404
https://www.nhatot.com//mua-ban-can-ho-chung-cu-quan-tan-phu-tp-ho-chi-minh/115313016.htm,404
https://www.nhatot.com//mua-ban-nha-dat-thanh-pho-buon-ma-thuot-dak-lak/114985853.htm#px=SR-special_display_ad-[PO-15][PL-default],404
https://www.nhatot.com//mua-ban-dat-huyen-cu-chi-tp-ho-chi-minh/106272538.htm,404
https://www.nhatot.com//mua-ban-can-ho-chung-cu-quan-tan-phu-tp-ho-chi-minh/115446223.htm,404
https://www.nhatot.com//sang-nhuong-van-phong-mat-bang-kinh-doanh-thanh-pho-thu-duc-tp-ho-chi-minh/115504805.htm,404
https://www.nhatot.com//mua-ban-nha-dat-quan-hoang-mai-ha-noi/115504804.htm,404
https://www.nhatot.com//mua-ban-can-ho-chung-cu-thanh-pho-di-an-binh-duong/114250414.htm#px=SR-special_display_ad-[PO-5][PL-default],404
https://www.nhatot.com//mua-ban-dat-huyen-cu-chi-tp-ho-chi-minh/115383650.htm,404
https://www.nhatot.com//mua-ban-dat-thanh-pho-thu-dau-mot-binh-duong/115504794.htm,404
https://www.nhatot.com//mua-ban-can-ho-chung-cu-quan-tan-binh-tp-ho-chi-minh/114265246.htm,404
https://www.nhatot.com//mua-ban-can-ho-chung-cu-thanh-pho-di-an-binh-duong/115416134.htm,404
https://www.nhatot.com//mua-ban-nha-dat-quan-12-tp-ho-chi-minh/115504761.htm,404
https://www.nhatot.com//mua-ban-nha-dat-quan-thanh-xuan-ha-noi/115504759.htm,404
https://www.nhatot.com//mua-ban-dat-thanh-pho-di-an-binh-duong/115504753.htm,404
https://www.nhatot.com//mua-ban-nha-dat-thanh-pho-bien-hoa-dong-nai/115504755.htm#px=SR-special_display_ad-[PO-17][PL-default],404
https://www.nhatot.com//mua-ban-can-ho-chung-cu-quan-tan-phu-tp-ho-chi-minh/115504750.htm,404
https://www.nhatot.com//mua-ban-dat-thi-xa-tan-uyen-binh-duong/115504751.htm,404
https://www.nhatot.com//mua-ban-nha-dat-thanh-pho-bien-hoa-dong-nai/115504755.htm#px=SR-special_display_ad-[PO-7][PL-default],404
https://www.nhatot.com//mua-ban-dat-thanh-pho-thu-duc-tp-ho-chi-minh/115504741.htm#px=SR-special_display_ad-[PO-11][PL-default],404
https://www.nhatot.com//mua-ban-nha-dat-thanh-pho-thu-duc-tp-ho-chi-minh/115434072.htm,404
https://www.nhatot.com//mua-ban-nha-dat-quan-cau-giay-ha-noi/114502809.htm,404
https://www.nhatot.com//mua-ban-nha-dat-quan-binh-thanh-tp-ho-chi-minh/115504726.htm,404
https://www.nhatot.com//mua-ban-nha-dat-thanh-pho-thu-duc-tp-ho-chi-minh/115504727.htm,404
https://www.nhatot.com//mua-ban-can-ho-chung-cu-thanh-pho-thu-duc-tp-ho-chi-minh/115446117.htm,404
https://www.nhatot.com//mua-ban-nha-dat-quan-binh-tan-tp-ho-chi-minh/115504720.htm,404
https://www.nhatot.com//mua-ban-nha-dat-thanh-pho-thu-duc-tp-ho-chi-minh/115143180.htm,404
https://www.nhatot.com//mua-ban-nha-dat-thanh-pho-thu-duc-tp-ho-chi-minh/114057326.htm,404
https://www.nhatot.com//sang-nhuong-van-phong-mat-bang-kinh-doanh-thanh-pho-thu-duc-tp-ho-chi-minh/115071695.htm,404
https://www.nhatot.com//mua-ban-nha-dat-thanh-pho-thu-duc-tp-ho-chi-minh/115504694.htm#px=SR-special_display_ad-[PO-13][PL-default],404
https://www.nhatot.com//mua-ban-nha-dat-huyen-mo-duc-quang-ngai/115504696.htm,404
https://www.nhatot.com//mua-ban-dat-huyen-cu-chi-tp-ho-chi-minh/115470961.htm#px=SR-special_display_ad-[PO-15][PL-default],404
https://www.nhatot.com//mua-ban-nha-dat-quan-ha-dong-ha-noi/115436828.htm#px=SR-special_display_ad-[PO-16][PL-default],404
https://www.nhatot.com//mua-ban-nha-dat-quan-7-tp-ho-chi-minh/114899326.htm,404
https://www.nhatot.com//mua-ban-nha-dat-quan-phu-nhuan-tp-ho-chi-minh/115504692.htm#px=SR-special_display_ad-[PO-18][PL-default],404
https://www.nhatot.com//mua-ban-nha-dat-huyen-binh-chanh-tp-ho-chi-minh/115504682.htm,404
https://www.nhatot.com//mua-ban-nha-dat-huyen-hoc-mon-tp-ho-chi-minh/114654388.htm,404
https://www.nhatot.com//mua-ban-nha-dat-quan-phu-nhuan-tp-ho-chi-minh/115504692.htm#px=SR-special_display_ad-[PO-1][PL-default],404
https://www.nhatot.com//mua-ban-nha-dat-thanh-pho-thu-duc-tp-ho-chi-minh/115504675.htm#px=SR-special_display_ad-[PO-5][PL-default],404
https://www.nhatot.com//mua-ban-nha-dat-thanh-pho-thu-duc-tp-ho-chi-minh/115453332.htm,404
https://www.nhatot.com//mua-ban-nha-dat-quan-lien-chieu-da-nang/115445737.htm,404
https://www.nhatot.com//mua-ban-can-ho-chung-cu-quan-8-tp-ho-chi-minh/115475868.htm#px=SR-special_display_ad-[PO-9][PL-default],404
https://www.nhatot.com//mua-ban-dat-thanh-pho-thuan-an-binh-duong/115423294.htm#px=SR-special_display_ad-[PO-10][PL-default],404
https://www.nhatot.com//mua-ban-dat-huyen-can-giuoc-long-an/114152496.htm,404
https://www.nhatot.com//mua-ban-nha-dat-quan-hoang-mai-ha-noi/115504664.htm,404
https://www.nhatot.com//mua-ban-nha-dat-quan-12-tp-ho-chi-minh/115504663.htm,404
https://www.nhatot.com//mua-ban-nha-dat-thanh-pho-tay-ninh-tay-ninh/113156767.htm,404
https://www.nhatot.com//mua-ban-can-ho-chung-cu-quan-12-tp-ho-chi-minh/115446269.htm,404
https://www.nhatot.com//mua-ban-dat-huyen-phu-giao-binh-duong/115504656.htm,404
https://www.nhatot.com//mua-ban-can-ho-chung-cu-huyen-gia-lam-ha-noi/115504648.htm#px=SR-special_display_ad-[PO-1][PL-default],404
https://www.nhatot.com//mua-ban-nha-dat-quan-binh-thanh-tp-ho-chi-minh/114891757.htm,404
https://www.nhatot.com//mua-ban-nha-dat-quan-binh-thanh-tp-ho-chi-minh/114571136.htm,404
https://www.nhatot.com//mua-ban-nha-dat-quan-binh-thanh-tp-ho-chi-minh/114429501.htm,404
https://www.nhatot.com//mua-ban-dat-huyen-ben-luc-long-an/115504630.htm,404
https://www.nhatot.com//mua-ban-dat-thanh-pho-thu-duc-tp-ho-chi-minh/115445984.htm,404
https://www.nhatot.com//mua-ban-nha-dat-huyen-binh-chanh-tp-ho-chi-minh/115386006.htm,404
https://www.nhatot.com//mua-ban-nha-dat-quan-long-bien-ha-noi/115504620.htm,404
https://www.nhatot.com//mua-ban-can-ho-chung-cu-thanh-pho-di-an-binh-duong/109791162.htm,404
https://www.nhatot.com//mua-ban-can-ho-chung-cu-quan-binh-tan-tp-ho-chi-minh/115504612.htm,404
https://www.nhatot.com//mua-ban-can-ho-chung-cu-thanh-pho-di-an-binh-duong/111981856.htm,404
https://www.nhatot.com//mua-ban-nha-dat-thanh-pho-thu-duc-tp-ho-chi-minh/115504605.htm,404
https://www.nhatot.com//mua-ban-nha-dat-quan-tan-phu-tp-ho-chi-minh/115504594.htm,404
https://www.nhatot.com//mua-ban-nha-dat-quan-binh-tan-tp-ho-chi-minh/114743323.htm,404
https://www.nhatot.com//mua-ban-dat-thanh-pho-thu-duc-tp-ho-chi-minh/115504584.htm,404
https://www.nhatot.com//mua-ban-nha-dat-quan-12-tp-ho-chi-minh/115356714.htm#px=SR-special_display_ad-[PO-4][PL-default],404
https://www.nhatot.com//mua-ban-nha-dat-quan-tan-binh-tp-ho-chi-minh/115418699.htm,404
https://www.nhatot.com//mua-ban-can-ho-chung-cu-quan-go-vap-tp-ho-chi-minh/115504577.htm,404
https://www.nhatot.com//mua-ban-nha-dat-thanh-pho-thu-duc-tp-ho-chi-minh/115504582.htm,404
https://www.nhatot.com//mua-ban-dat-quan-12-tp-ho-chi-minh/115303496.htm,404
https://www.nhatot.com//mua-ban-nha-dat-quan-long-bien-ha-noi/114186190.htm#px=SR-special_display_ad-[PO-10][PL-default],404
https://www.nhatot.com//mua-ban-nha-dat-quan-phu-nhuan-tp-ho-chi-minh/115415889.htm#px=SR-special_display_ad-[PO-9][PL-default],404
https://www.nhatot.com//mua-ban-dat-thanh-pho-thuan-an-binh-duong/110785818.htm,404
https://www.nhatot.com//mua-ban-nha-dat-quan-go-vap-tp-ho-chi-minh/112146190.htm,404
https://www.nhatot.com//mua-ban-nha-dat-quan-ha-dong-ha-noi/115475771.htm,404
https://www.nhatot.com//mua-ban-dat-huyen-binh-chanh-tp-ho-chi-minh/115504567.htm,404
https://www.nhatot.com//mua-ban-dat-quan-7-tp-ho-chi-minh/115504560.htm#px=SR-special_display_ad-[PO-18][PL-default],404
https://www.nhatot.com//mua-ban-nha-dat-quan-12-tp-ho-chi-minh/103933910.htm,404
https://www.nhatot.com//mua-ban-dat-huyen-cam-my-dong-nai/114253657.htm,404
https://www.nhatot.com//mua-ban-dat-quan-7-tp-ho-chi-minh/115504560.htm#px=SR-special_display_ad-[PO-6][PL-default],404
https://www.nhatot.com//mua-ban-nha-dat-quan-12-tp-ho-chi-minh/114373945.htm,404
https://www.nhatot.com//mua-ban-nha-dat-quan-binh-thanh-tp-ho-chi-minh/115504549.htm,404
https://www.nhatot.com//mua-ban-dat-quan-son-tra-da-nang/115451150.htm,404
https://www.nhatot.com//mua-ban-can-ho-chung-cu-quan-dong-da-ha-noi/115504539.htm#px=SR-special_display_ad-[PO-13][PL-default],404
https://www.nhatot.com//mua-ban-nha-dat-huyen-hoc-mon-tp-ho-chi-minh/115504534.htm,404
https://www.nhatot.com//mua-ban-dat-quan-ha-dong-ha-noi/115504536.htm,404
https://www.nhatot.com//mua-ban-nha-dat-quan-son-tra-da-nang/115261731.htm,404
https://www.nhatot.com//mua-ban-nha-dat-quan-binh-thanh-tp-ho-chi-minh/114462259.htm,404
https://www.nhatot.com//sang-nhuong-van-phong-mat-bang-kinh-doanh-quan-tan-binh-tp-ho-chi-minh/113947347.htm,404
https://www.nhatot.com//mua-ban-nha-dat-quan-1-tp-ho-chi-minh/114488829.htm,404
https://www.nhatot.com//mua-ban-nha-dat-quan-tan-phu-tp-ho-chi-minh/115504526.htm#px=SR-special_display_ad-[PO-10][PL-default],404
https://www.nhatot.com//mua-ban-dat-thanh-pho-my-tho-tien-giang/114131587.htm,404
https://www.nhatot.com//mua-ban-nha-dat-quan-8-tp-ho-chi-minh/115504479.htm,404
https://www.nhatot.com//mua-ban-nha-dat-huyen-van-giang-hung-yen/115504515.htm,404
https://www.nhatot.com//mua-ban-dat-huyen-chon-thanh-binh-phuoc/115071893.htm,404
https://www.nhatot.com//mua-ban-nha-dat-quan-go-vap-tp-ho-chi-minh/115504514.htm,404
https://www.nhatot.com//mua-ban-nha-dat-quan-phu-nhuan-tp-ho-chi-minh/115330319.htm,404
https://www.nhatot.com//mua-ban-dat-huyen-thach-that-ha-noi/115475692.htm,404
https://www.nhatot.com//mua-ban-dat-huyen-can-giuoc-long-an/115356107.htm,404
https://www.nhatot.com//mua-ban-nha-dat-quan-binh-thanh-tp-ho-chi-minh/115504481.htm,404
https://www.nhatot.com//mua-ban-nha-dat-quan-long-bien-ha-noi/114969188.htm,404
https://www.nhatot.com//mua-ban-nha-dat-quan-go-vap-tp-ho-chi-minh/115504476.htm,404
https://www.nhatot.com//mua-ban-nha-dat-quan-binh-tan-tp-ho-chi-minh/104509487.htm,404
https://www.nhatot.com//mua-ban-dat-quan-thanh-khe-da-nang/115504458.htm,404
https://www.nhatot.com//mua-ban-nha-dat-quan-go-vap-tp-ho-chi-minh/115504449.htm,404
https://www.nhatot.com//mua-ban-can-ho-chung-cu-huyen-ben-luc-long-an/115504452.htm#px=SR-special_display_ad-[PO-18][PL-default],404
https://www.nhatot.com//mua-ban-dat-thanh-pho-thu-duc-tp-ho-chi-minh/115287357.htm,404
https://www.nhatot.com//mua-ban-can-ho-chung-cu-huyen-ben-luc-long-an/115504452.htm#px=SR-special_display_ad-[PO-2][PL-default],404
https://www.nhatot.com//mua-ban-nha-dat-quan-tan-binh-tp-ho-chi-minh/115498440.htm,404
https://www.nhatot.com//mua-ban-can-ho-chung-cu-thanh-pho-thu-duc-tp-ho-chi-minh/115399867.htm#px=SR-special_display_ad-[PO-7][PL-default],404
https://www.nhatot.com//mua-ban-nha-dat-huyen-duc-hoa-long-an/115361675.htm,404
https://www.nhatot.com//mua-ban-nha-dat-quan-go-vap-tp-ho-chi-minh/115504434.htm,404
https://www.nhatot.com//mua-ban-nha-dat-quan-12-tp-ho-chi-minh/114466268.htm,404
https://www.nhatot.com//mua-ban-nha-dat-quan-tan-phu-tp-ho-chi-minh/115504438.htm#px=SR-special_display_ad-[PO-8][PL-default],404
https://www.nhatot.com//mua-ban-nha-dat-thanh-pho-thu-dau-mot-binh-duong/115504426.htm,404
https://www.nhatot.com//mua-ban-dat-huyen-nha-be-tp-ho-chi-minh/114121734.htm,Failed to make a request
https://www.nhatot.com//mua-ban-nha-dat-quan-ba-dinh-ha-noi/115504423.htm,404
https://www.nhatot.com//mua-ban-dat-huyen-lam-ha-lam-dong/115504414.htm,404
https://www.nhatot.com//mua-ban-nha-dat-quan-10-tp-ho-chi-minh/114702533.htm,404
https://www.nhatot.com//mua-ban-nha-dat-huyen-nha-be-tp-ho-chi-minh/113535234.htm,404
https://www.nhatot.com//mua-ban-dat-huyen-chon-thanh-binh-phuoc/115213181.htm,404
https://www.nhatot.com//mua-ban-nha-dat-quan-binh-thanh-tp-ho-chi-minh/115504409.htm,404
https://www.nhatot.com//mua-ban-nha-dat-quan-long-bien-ha-noi/115448594.htm,404
https://www.nhatot.com//mua-ban-can-ho-chung-cu-quan-7-tp-ho-chi-minh/115504397.htm,404
https://www.nhatot.com//mua-ban-nha-dat-quan-long-bien-ha-noi/115491256.htm#px=SR-special_display_ad-[PO-13][PL-default],404
https://www.nhatot.com//mua-ban-nha-dat-quan-cam-le-da-nang/115504388.htm,404
https://www.nhatot.com//mua-ban-dat-thanh-pho-thu-duc-tp-ho-chi-minh/113710198.htm,404
https://www.nhatot.com//mua-ban-dat-huyen-phu-giao-binh-duong/115334156.htm#px=SR-special_display_ad-[PO-18][PL-default],404
https://www.nhatot.com//mua-ban-dat-huyen-phu-giao-binh-duong/115334156.htm#px=SR-special_display_ad-[PO-2][PL-default],404
https://www.nhatot.com//mua-ban-can-ho-chung-cu-quan-hai-ba-trung-ha-noi/106937864.htm,404
https://www.nhatot.com//mua-ban-can-ho-chung-cu-quan-thanh-xuan-ha-noi/109173874.htm,404
https://www.nhatot.com//mua-ban-can-ho-chung-cu-quan-hoang-mai-ha-noi/106804991.htm,404
https://www.nhatot.com//mua-ban-can-ho-chung-cu-quan-tay-ho-ha-noi/111611451.htm,404
https://www.nhatot.com//mua-ban-can-ho-chung-cu-quan-bac-tu-liem-ha-noi/106573869.htm,404
https://www.nhatot.com//mua-ban-nha-dat-thanh-pho-thu-duc-tp-ho-chi-minh/115504374.htm,404
https://www.nhatot.com//mua-ban-dat-huyen-long-thanh-dong-nai/115475519.htm,404
https://www.nhatot.com//mua-ban-can-ho-chung-cu-quan-dong-da-ha-noi/106947470.htm,404
https://www.nhatot.com//mua-ban-dat-huyen-xuyen-moc-ba-ria-vung-tau/114725440.htm,404
https://www.nhatot.com//mua-ban-nha-dat-huyen-binh-chanh-tp-ho-chi-minh/115504365.htm,404
https://www.nhatot.com//mua-ban-can-ho-chung-cu-thanh-pho-thu-duc-tp-ho-chi-minh/115009372.htm,404
https://www.nhatot.com//mua-ban-nha-dat-quan-6-tp-ho-chi-minh/115504361.htm,404
https://www.nhatot.com//mua-ban-nha-dat-quan-ninh-kieu-can-tho/115504351.htm,404
https://www.nhatot.com//mua-ban-nha-dat-quan-dong-da-ha-noi/115485088.htm#px=SR-special_display_ad-[PO-19][PL-default],404
https://www.nhatot.com//sang-nhuong-van-phong-mat-bang-kinh-doanh-thanh-pho-thu-duc-tp-ho-chi-minh/110896867.htm,404
https://www.nhatot.com//mua-ban-nha-dat-quan-dong-da-ha-noi/115485088.htm#px=SR-special_display_ad-[PO-2][PL-default],404
https://www.nhatot.com//mua-ban-nha-dat-quan-12-tp-ho-chi-minh/114184056.htm,404
https://www.nhatot.com//mua-ban-dat-huyen-ben-luc-long-an/115504350.htm,404
https://www.nhatot.com//mua-ban-nha-dat-thanh-pho-thu-duc-tp-ho-chi-minh/115504334.htm,404
https://www.nhatot.com//mua-ban-can-ho-chung-cu-thanh-pho-thu-duc-tp-ho-chi-minh/115504332.htm,404
https://www.nhatot.com//mua-ban-dat-huyen-nha-be-tp-ho-chi-minh/114577556.htm,404
https://www.nhatot.com//mua-ban-can-ho-chung-cu-quan-dong-da-ha-noi/115504320.htm,404
https://www.nhatot.com//mua-ban-dat-quan-cam-le-da-nang/115504316.htm,404
https://www.nhatot.com//mua-ban-nha-dat-quan-binh-thanh-tp-ho-chi-minh/115504313.htm#px=SR-special_display_ad-[PO-8][PL-default],404
https://www.nhatot.com//mua-ban-nha-dat-quan-12-tp-ho-chi-minh/112123303.htm,404
https://www.nhatot.com//mua-ban-dat-huyen-quoc-oai-ha-noi/113716094.htm,404
https://www.nhatot.com//mua-ban-dat-huyen-hoa-thanh-tay-ninh/113241333.htm,404
https://www.nhatot.com//mua-ban-nha-dat-quan-7-tp-ho-chi-minh/114746209.htm#px=SR-special_display_ad-[PO-16][PL-default],404
https://www.nhatot.com//mua-ban-dat-quan-12-tp-ho-chi-minh/114257714.htm,404
https://www.nhatot.com//mua-ban-dat-thi-xa-ben-cat-binh-duong/115368188.htm,404
https://www.nhatot.com//mua-ban-nha-dat-huyen-hoc-mon-tp-ho-chi-minh/113793624.htm,404
https://www.nhatot.com//mua-ban-nha-dat-quan-7-tp-ho-chi-minh/114746209.htm#px=SR-special_display_ad-[PO-5][PL-default],404
https://www.nhatot.com//mua-ban-can-ho-chung-cu-thanh-pho-thu-duc-tp-ho-chi-minh/115504292.htm,404
https://www.nhatot.com//mua-ban-dat-huyen-quoc-oai-ha-noi/113784617.htm,404
https://www.nhatot.com//mua-ban-nha-dat-quan-hoang-mai-ha-noi/115504291.htm,404
https://www.nhatot.com//mua-ban-nha-dat-quan-binh-thanh-tp-ho-chi-minh/112902972.htm,404
https://www.nhatot.com//mua-ban-nha-dat-quan-go-vap-tp-ho-chi-minh/115342081.htm#px=SR-special_display_ad-[PO-16][PL-default],404
https://www.nhatot.com//mua-ban-nha-dat-quan-12-tp-ho-chi-minh/115504289.htm,404
https://www.nhatot.com//mua-ban-nha-dat-quan-hai-ba-trung-ha-noi/115267201.htm,404
https://www.nhatot.com//mua-ban-can-ho-chung-cu-quan-7-tp-ho-chi-minh/115504287.htm,404
https://www.nhatot.com//mua-ban-nha-dat-quan-ba-dinh-ha-noi/115504288.htm,404
https://www.nhatot.com//mua-ban-nha-dat-quan-go-vap-tp-ho-chi-minh/115342081.htm#px=SR-special_display_ad-[PO-7][PL-default],404
https://www.nhatot.com//mua-ban-dat-huyen-quoc-oai-ha-noi/113908517.htm,404
https://www.nhatot.com//mua-ban-nha-dat-huyen-nhon-trach-dong-nai/115504286.htm,404
https://www.nhatot.com//mua-ban-nha-dat-quan-phu-nhuan-tp-ho-chi-minh/113644392.htm,404
https://www.nhatot.com//mua-ban-nha-dat-quan-tan-phu-tp-ho-chi-minh/115504280.htm,404
https://www.nhatot.com//mua-ban-dat-huyen-quoc-oai-ha-noi/114435794.htm,404
https://www.nhatot.com//mua-ban-can-ho-chung-cu-thanh-pho-thu-duc-tp-ho-chi-minh/114838018.htm,404
https://www.nhatot.com//mua-ban-dat-quan-long-bien-ha-noi/115504262.htm,404
https://www.nhatot.com//mua-ban-nha-dat-quan-long-bien-ha-noi/115385477.htm,404
https://www.nhatot.com//mua-ban-nha-dat-huyen-nha-be-tp-ho-chi-minh/115504260.htm,404
https://www.nhatot.com//sang-nhuong-van-phong-mat-bang-kinh-doanh-thanh-pho-thu-duc-tp-ho-chi-minh/111955541.htm,404
https://www.nhatot.com//mua-ban-can-ho-chung-cu-quan-phu-nhuan-tp-ho-chi-minh/115100942.htm,404
https://www.nhatot.com//mua-ban-nha-dat-quan-tan-phu-tp-ho-chi-minh/114336488.htm,404
https://www.nhatot.com//mua-ban-can-ho-chung-cu-thanh-pho-thu-duc-tp-ho-chi-minh/115504252.htm,404
https://www.nhatot.com//mua-ban-nha-dat-quan-hai-chau-da-nang/115504253.htm,404
https://www.nhatot.com//mua-ban-nha-dat-quan-tan-phu-tp-ho-chi-minh/115504251.htm,404
https://www.nhatot.com//mua-ban-nha-dat-quan-8-tp-ho-chi-minh/115476765.htm,404
